24.3566,36.5163,38.6025,46.7903,46.0926,34.0541,33.261,31.3628,26.8938,12.6914,12.1574,16.9906,23.2936,22.8489,35.8733,41.7359,47.8879,38.0542,44.5395,37.9045,28.2295,27.0008,15.9992,14.1633,16.5696,18.0427,25.5086,34.0165,41.38,45.5368,45.7775,37.9929,40.2147,30.7053,21.7048,26.0713,15.6256,20.1134,16.9003,22.4561,34.1121,36.8474,36.8295,42.359,41.7918,33.1681,28.0556,25.5528,16.2418,19.1346,17.0958,17.8939,17.4148,28.5712,39.1376,41.4326,37.4663,44.7348,35.8699,33.4728
24.0228,24.748,32.1244,29.9354,29.4396,32.2253,25.4905,30.2923,27.5191,26.4582,35.3776,28.5374,28.3372,28.1551,33.3681,26.8485,27.9032,35.6387,35.3592,35.1932,33.9267,42.9868,51.3531,51.6884,44.716,47.0045,43.1627,41.7577,42.1943,41.5418,43.4733,49.9739,47.19,43.1256,45.5316,46.3303,41.8043,50.1575,45.5371,49.9694,47.678,43.2919,43.011,51.3557,48.112,46.0967,40.818,43.8046,51.4145,50.8346,40.696,44.413,41.6464,41.3787,48.209,50.6183,50.2875,50.4659,46.8925,41.0563
33.3153,32.9826,29.2722,27.5899,25.5475,27.085,35.6023,26.7314,33.6366,35.1866,32.1963,29.3669,27.5374,26.6506,34.0703,34.6145,27.8106,24.4341,25.2882,33.7662,31.5853,33.887,29.6636,34.331,26.1637,33.5316,31.6352,28.1679,25.9613,28.1892,34.9821,27.424,26.3678,12.0637,21.2486,18.8826,12.4306,12.7369,13.4283,10.701,14.3247,18.6267,9.85565,13.1808,13.6663,17.9558,14.8487,16.1726,14.4474,11.9382,15.2743,21.3592,10.4491,16.7219,12.3318,14.5965,21.5953,9.98087,14.815,17.7127
27.8716,27.0351,28.2645,31.3723,34.9079,24.3547,30.2067,28.6332,31.3477,29.7808,31.127,30.1451,26.8996,28.2241,28.1624,26.427,25.9911,24.2912,32.0388,25.9925,31.4333,26.7832,30.8351,27.1702,18.0266,10.5709,17.142,11.8599,17.0972,13.3703,18.0387,13.4584,11.2103,11.0131,10.6385,13.8579,18.3769,15.2075,9.26989,8.22185,16.8713,13.3214,14.5134,16.5085,8.07055,16.0117,16.2155,9.74617,10.5052,10.3958,15.1428,9.02496,17.0803,11.6774,14.0122,11.6318,13.6148,15.0496,18.8822,18.4548
34.6989,25.6092,32.5066,27.8452,26.7035,30.755,24.6379,31.2148,33.8033,28.1705,29.9468,29.9783,31.5387,34.8616,28.1617,34.8275,35.9255,32.9848,24.3125,25.7667,31.4197,25.0183,29.1128,38.6137,34.0954,40.5545,36.3711,39.6698,38.7911,40.5027,37.9718,32.2472,39.7058,33.0268,40.3044,44.0089,36.6315,41.1563,33.4157,41.7145,35.8019,43.8679,33.1924,41.0484,34.7788,40.9845,32.5549,43.9623,43.4577,33.7789,37.0908,35.5533,34.7785,35.962,33.5967,37.8367,37.6031,43.2352,34.7832,43.3075
33.2392,28.3997,34.7533,31.864,35.0423,27.2099,35.7463,30.4304,29.1844,31.6642,24.0665,29.0445,32.1802,32.5782,32.5364,27.7434,31.1865,28.4647,35.2604,32.8423,34.8554,24.8857,35.2971,30.0716,35.0952,24.3397,24.3125,28.9057,32.0212,31.1145,29.6849,25.0293,27.7262,47.1507,43.101,52.5257,50.6331,48.8884,47.7364,42.0005,45.4839,49.6926,42.5568,49.509,47.9226,49.108,43.9739,46.8536,49.3372,45.7391,47.6274,42.6806,43.1165,43.5597,47.0523,46.0259,51.2746,51.7641,47.6696,43.8997
27.9542,24.5607,34.1419,31.0212,30.4197,35.8784,33.0931,29.2971,33.3975,35.8076,35.9798,33.1324,31.1509,30.9629,24.6555,25.6903,29.3067,24.7998,30.0286,25.0638,32.2052,26.9822,33.2668,27.1911,35.1649,35.9802,31.5398,32.742,41.0596,42.8807,38.0172,40.5073,46.0872,41.8969,36.2031,43.9118,42.8575,40.056,36.007,38.1751,41.1782,46.8844,42.4176,46.0141,46.3718,36.574,36.0368,37.0466,36.2623,36.5729,45.7351,42.249,40.4673,41.6317,47.0346,45.1655,47.114,36.4448,40.0729,44.3308
24.3422,35.9905,38.3697,41.2425,43.0979,29.3166,24.7874,18.155,19.4387,17.4181,31.5329,30.2066,44.1624,50.1312,42.0688,38.7064,25.1866,17.7194,16.1348,14.9991,27.5425,33.7719,42.1944,47.5171,48.3573,35.6699,28.374,27.1421,18.7235,14.5728,21.0474,23.5288,34.8436,45.2607,47.1319,38.758,39.575,31.5292,21.4903,14.5456,22.6757,19.2534,31.849,40.1556,42.5452,47.1333,40.4108,25.6262,22.655,16.502,17.6411,25.2974,32.839,42.0852,45.8687,38.8255,46.1264,35.347,30.212,13.206
28.4727,31.5602,30.4749,28.7568,31.2795,29.1168,31.8707,38.4835,28.1968,29.324,39.1605,34.49,38.2186,38.6595,41.0727,32.1245,40.6192,37.3332,36.0434,32.3717,37.5497,33.6537,33.0634,32.8477,40.611,33.627,42.1151,33.9285,35.9172,38.9621,39.5318,35.8804,36.3304,36.2708,44.027,40.8989,46.764,42.503,48.0721,43.8915,39.1861,49.0656,48.6601,49.9823,39.9923,50.0109,42.4674,42.4051,41.3213,44.8619,48.9555,47.0568,43.5372,45.0368,50.492,48.9223,48.7547,46.6409,45.3936,51.0343
30.9518,30.6834,25.0323,35.2149,25.1843,35.2237,31.0154,26.5408,35.7224,25.0811,35.8777,32.2683,30.4741,27.0409,29.3522,35.379,29.4804,31.9173,24.5732,33.7265,29.6908,35.2119,33.8654,35.9611,30.7293,27.5051,26.8808,26.1728,34.1749,28.2036,35.4158,29.9919,27.2561,33.6762,33.7559,35.8465,28.0548,33.5624,35.642,24.448,34.6527,26.4527,24.6753,28.6641,27.5158,32.297,26.8885,31.6257,36.0088,32.7347,26.5323,34.3571,33.2807,29.2413,33.8055,28.5741,31.4072,29.9449,29.6416,25.438
30.9643,27.7563,27.5143,31.4164,35.2993,27.8756,34.9042,25.1336,33.4908,26.2929,26.9491,31.853,25.965,31.1149,29.3948,34.7221,32.5445,32.9594,34.4349,26.6363,27.7343,26.1328,34.9494,35.375,35.2755,33.3075,24.1733,35.8601,31.889,28.7904,34.8668,32.6829,26.0858,34.5058,33.3663,24.4899,34.1544,31.0895,40.1344,33.8325,39.1708,39.173,35.0814,42.0256,35.7935,32.9149,33.5795,38.9494,44.3835,43.1144,33.5692,37.1096,38.5234,37.5128,39.1895,43.2961,42.5019,43.9098,44.0864,43.9799
33.1673,35.5424,35.1414,29.9838,29.1135,24.5773,29.6107,28.0108,35.0063,29.7525,33.6344,29.8891,34.4555,31.7817,27.6612,31.694,28.4305,30.0896,24.47,28.1143,24.0338,35.8788,31.3047,25.275,33.6373,34.1062,33.0887,26.413,35.126,26.0461,34.7004,32.9025,30.4954,29.4793,25.8119,24.9012,33.2139,27.8606,26.5926,24.2787,25.3396,34.2924,29.6574,35.6405,27.6575,33.0296,32.6594,28.2671,35.0338,24.5104,25.0286,31.546,32.4494,32.9029,27.0061,25.3954,24.4102,25.3995,32.4354,35.1771
28.0805,28.3787,24.3948,24.2703,34.6633,34.0067,33.4063,34.6395,27.3975,33.374,27.5051,24.2464,32.6172,29.249,35.8553,27.8407,30.592,25.8097,24.4469,25.3628,32.6219,33.5106,27.3997,24.849,26.355,24.0536,30.8578,33.208,28.8631,31.3785,32.5158,29.559,35.7661,35.0467,31.9782,36.2798,44.2822,37.0355,36.5721,38.3865,43.7222,37.4406,39.2998,42.0866,46.1595,46.5068,44.6832,44.0314,35.6074,39.8848,35.8582,45.6747,40.7991,42.6621,42.9029,43.864,44.5955,35.6401,40.4576,44.6715
25.5915,29.951,34.1883,25.658,26.8874,23.5727,34.0696,32.1339,24.2264,32.835,28.7364,22.7642,27.0752,31.6947,23.0682,28.1773,30.347,21.6923,23.5198,25.8688,20.7379,26.4841,25.9445,26.3557,26.6097,27.9231,22.3435,18.341,25.2887,17.0434,23.8978,21.4495,21.0116,26.4526,19.4423,19.7804,23.1524,16.6602,23.1757,24.8439,21.3702,24.3354,22.4654,17.0598,12.2025,11.8315,15.6387,14.3779,17.3185,18.4986,10.7862,17.2087,15.5848,17.0231,19.0416,18.0558,17.958,15.1527,9.62487,17.5622
34.5902,24.5615,29.4881,26.0693,32.1552,26.9205,32.1034,28.6501,31.0392,29.0265,33.7647,35.0992,27.7119,32.5224,26.305,25.4792,28.783,26.7758,32.0869,27.4934,33.7816,36.0242,24.2302,26.3921,30.1821,33.5253,29.2428,25.597,29.6284,32.9341,34.8866,29.7947,35.9295,35.3996,30.0573,29.0831,33.9535,34.3156,28.1408,32.6899,34.3806,32.9708,27.5947,26.2804,34.8146,24.3404,25.9529,33.7339,28.4871,32.6601,28.9626,25.0547,29.3412,33.6637,26.6539,31.7773,28.136,33.6208,34.4896,31.0473
33.9476,28.6465,28.6307,24.1025,28.6238,27.0976,29.6932,22.4303,23.5246,32.1073,25.8565,26.0993,21.8227,30.7098,24.249,30.8167,27.2363,21.1805,19.8013,28.3645,20.3812,19.303,26.0885,17.8592,22.7642,18.3083,28.5453,21.2634,27.681,23.2024,27.3876,22.306,16.4992,21.4736,18.7011,18.7056,20.0893,22.9158,20.8645,22.6173,22.719,18.5386,18.8342,18.7083,17.1377,15.3623,17.6883,15.6039,20.2019,21.1325,17.7934,19.6144,20.8373,15.4242,18.7589,18.355,18.6462,9.79881,8.94064,19.7619
34.512,29.3786,28.4176,29.6349,34.8758,37.0063,32.0426,30.1627,35.3908,36.7991,38.0707,36.0216,38.3222,34.6606,32.816,34.0792,35.0552,38.0116,43.2581,42.3469,41.7182,34.6701,39.4627,43.2277,42.2226,44.8904,38.6748,45.7691,37.6568,46.8945,47.4574,44.155,45.9697,39.4868,49.8244,42.777,46.3063,42.0869,50.7676,47.4875,48.8712,43.0782,46.1992,48.9801,44.0108,45.7621,49.042,54.3233,47.4926,54.3581,54.5156,48.2031,55.8412,53.0712,50.2935,48.1937,56.5035,49.2957,50.8383,51.3814
24.7267,32.7481,33.0513,27.5392,31.2707,28.4246,28.3125,27.8699,37.919,33.0452,32.5195,28.274,30.1753,31.9852,29.2459,36.3192,32.2506,34.474,40.0221,38.3023,34.8734,32.9619,31.1455,33.6443,37.9994,38.9386,36.3561,35.3748,38.8335,42.1585,40.0035,43.0935,42.248,35.0372,37.7251,36.9207,44.3392,45.4385,35.8543,34.9254,42.14,42.8556,45.5868,45.9469,44.2983,46.2639,37.6888,44.5304,39.4736,45.9538,46.1358,40.5546,41.6554,43.5571,49.5408,45.3775,48.8332,39.1683,47.3902,43.178
24.4487,25.0134,28.8794,32.3888,28.8399,33.3639,33.0715,36.7042,37.407,28.3802,31.9234,35.5111,34.2106,37.1365,36.5352,37.4172,30.1436,31.1202,41.7328,35.2725,36.4637,37.2219,31.5265,33.4077,32.7088,36.9497,42.3157,34.0062,45.1905,39.2968,42.0494,46.1541,37.1159,44.8689,39.3513,42.7373,39.3974,46.0369,48.4656,37.0373,42.7011,45.4482,47.2629,47.7618,43.6973,45.1319,47.5206,40.125,42.8207,48.7008,41.6964,44.9131,49.5792,52.9498,53.7033,49.7856,49.1521,47.2806,45.8678,45.25
32.485,30.332,26.9734,33.9693,29.5707,25.098,25.3121,28.2704,26.3785,35.9651,35.2086,32.8048,26.6032,29.3632,26.2852,32.5992,26.4769,24.2879,32.7953,30.2134,33.2716,32.2797,34.3673,25.9668,29.8649,26.8467,25.1689,34.5675,34.656,35.9721,26.6858,30.2233,27.07,24.1586,33.9696,31.1924,32.3374,30.6691,35.6104,51.0491,43.1877,41.5513,40.7754,45.4857,50.1722,40.1493,51.1215,42.3056,41.8741,41.6839,46.395,50.8589,51.0715,48.1103,50.7733,46.8683,47.9461,41.6953,47.9432,41.1379
25.6319,35.9824,25.3374,33.038,25.8299,31.8243,30.7579,31.0036,34.1176,34.2737,32.4012,27.1364,30.614,29.5828,32.9737,26.6495,25.8666,33.8936,27.2029,30.2086,33.2554,27.1188,33.2429,31.4641,29.765,30.0158,31.4127,27.8661,33.3468,7.21769,8.93921,7.27754,17.238,16.2329,11.7896,8.52352,10.5506,13.9565,10.7338,7.35319,14.7802,11.9203,18.6573,9.18488,7.8023,15.8925,13.5603,15.8863,13.9606,13.4119,13.5607,12.8505,11.9824,16.9031,9.2172,11.0882,14.764,12.3386,10.7492,9.34499
30.4227,31.0532,32.5713,31.8354,34.5932,30.7723,28.6126,34.6369,27.5819,28.8502,27.2205,35.6827,35.4565,27.4867,27.2528,28.0409,31.8765,24.5134,32.1207,28.8146,33.9267,34.2263,24.8854,29.0159,25.3807,24.3004,26.6653,30.4175,28.1419,22.4235,21.2234,16.9244,23.502,22.5333,23.8759,22.7955,16.4125,12.6283,13.5511,21.056,12.7219,22.6266,22.0534,14.8896,13.9286,20.8948,15.121,19.2599,15.9953,23.3342,23.9284,22.884,16.6303,18.8938,21.096,18.7631,21.4651,18.7234,15.3872,16.4059
26.1482,30.8284,27.1216,31.7969,26.8118,24.6808,31.3791,22.0465,22.0336,24.293,30.875,22.4931,30.8887,19.1674,19.1992,27.6955,17.3703,27.6476,23.8424,26.4933,23.6347,23.5766,20.8837,18.7861,18.8976,18.0908,22.0207,20.674,23.89,12.646,18.4484,17.7315,17.8974,14.679,13.5982,12.6892,19.8319,12.4893,9.74459,18.9896,18.8195,16.5173,12.0243,14.1313,13.3935,15.473,11.1404,5.09371,15.2645,14.6508,8.29928,3.16253,12.0389,4.8927,7.55165,12.3151,9.58147,5.46155,2.9842,8.98081
33.168,27.9691,33.0336,34.0712,26.7101,34.8409,34.4721,27.3897,36.3332,35.0426,30.8532,40.7698,37.6618,41.7044,36.4214,33.0097,35.3877,42.5218,40.6698,39.5165,37.9862,34.9865,36.5118,35.136,37.5393,46.3161,46.2263,44.3467,41.6548,45.2067,38.7461,47.9425,42.054,43.5984,47.0254,47.586,51.0535,42.8787,42.1338,41.9191,42.371,50.5264,53.3002,46.9743,47.8188,50.2397,54.4644,46.9538,53.7865,55.2879,46.3889,56.2394,57.371,55.9383,59.4509,58.3704,58.415,50.8586,60.9459,50.9952
33.5767,25.8743,28.0093,31.3058,25.6077,32.5177,29.1514,32.7472,31.0517,34.0967,33.5965,31.7472,33.8246,24.4146,24.7352,33.323,26.966,30.1638,31.4039,27.3285,34.4323,28.9993,26.211,24.2387,29.317,33.937,34.8414,35.585,30.1469,28.5818,44.7668,49.2421,38.8866,47.0587,42.0314,43.9516,44.0364,48.944,40.8938,44.7386,40.8358,39.0918,38.3071,47.4222,39.6702,46.9617,46.817,42.5044,38.7691,42.316,41.1824,38.4279,40.1667,39.242,44.9064,38.1327,49.3384,44.6126,45.6952,47.5078
29.7481,35.0096,45.5182,47.1441,42.4431,38.1345,30.4926,24.4804,17.8574,16.51,14.1993,18.7899,18.0614,29.2729,29.1877,35.8468,38.3537,45.3945,37.4028,35.2864,28.8721,27.2127,18.7626,17.8971,12.5872,22.7502,17.8389,27.1988,31.4798,42.2281,43.6363,49.2067,41.6685,41.6546,37.9759,26.9402,21.5901,22.7819,13.9352,18.9154,20.196,34.2972,39.5432,43.9576,47.102,45.4469,38.9672,40.748,25.8723,29.2668,20.9359,21.6952,14.8328,19.0264,26.6645,28.0073,41.5617,40.1772,44.9136,48.8988
33.5316,35.3441,34.8032,28.5443,32.4861,30.1888,35.2145,35.8373,34.7819,30.1454,29.4062,27.2914,29.0247,24.3026,34.985,25.5574,27.6931,28.7437,29.6526,25.6896,26.5,35.4907,33.6828,31.9984,27.7005,34.3277,33.9208,28.84,17.4846,14.1808,15.4778,11.6198,10.2802,13.2693,12.3913,17.8717,13.8249,16.2265,10.0528,19.7853,15.986,20.2806,19.9828,15.3081,15.6401,8.52301,15.3529,10.737,17.9231,19.8213,11.5562,15.1488,16.3382,17.4747,16.5111,16.5236,17.7608,14.263,18.0219,15.144
31.5071,30.3462,36.6107,38.6893,45.5604,42.8918,33.7633,32.1046,28.3337,22.8577,16.1567,15.3482,25.9952,26.9467,30.3955,31.194,41.2203,39.3286,41.6774,34.8559,39.2224,29.1269,26.1037,26.0756,20.7749,14.8812,21.2606,28.2754,25.9128,33.7993,40.8501,43.7985,41.4138,36.2297,34.4368,30.28,32.6419,18.9889,22.8559,19.314,19.3678,25.6036,29.9304,27.985,31.0956,34.0094,35.7771,37.4168,30.8219,25.6021,28.2777,18.9879,16.1107,14.3997,17.2542,23.3894,24.4656,29.6396,41.6298,40.1532
33.0887,28.7008,27.2363,35.2744,30.7043,32.7332,35.1503,27.8569,27.6035,35.2035,32.1831,35.4855,32.5301,33.4607,33.7655,31.5464,24.1807,27.8466,31.0293,24.0591,28.2304,26.7725,25.2096,32.1908,32.8728,30.8571,28.6053,30.7326,24.527,29.5902,27.9575,31.3826,34.2858,41.0965,47.6143,45.6232,46.683,41.2698,48.9535,43.1966,39.7169,49.0876,39.6643,43.6373,39.3842,50.3402,49.5495,50.1635,40.9224,50.649,45.628,47.6209,41.0109,43.8811,40.4296,46.1138,40.7418,46.8637,49.5194,47.4821
28.0805,35.0183,34.4413,33.2845,36.9856,35.0186,28.7189,35.1502,28.5626,32.7264,32.1369,39.2832,31.4445,29.8179,35.6533,30.7001,42.4316,41.9618,40.2365,37.0526,37.3044,43.8184,36.8555,33.7351,34.3978,44.5495,40.1718,36.8417,39.8436,37.0005,43.9442,45.9223,46.3246,39.0381,48.9408,45.9883,46.6158,42.4033,43.398,43.5712,41.2212,51.4633,50.7177,45.4616,49.5178,51.2913,52.2556,51.1949,55.5835,51.3519,56.3103,52.1437,54.5438,56.2597,48.9725,48.1149,58.4278,49.7246,49.8126,50.2502
31.5555,33.8108,47.7598,40.4056,34.2128,26.8555,30.1153,13.082,19.8027,19.3834,26.7693,31.8521,40.1876,39.8323,43.9535,37.7174,24.2572,23.6006,13.4661,16.1605,16.1841,32.2748,40.7452,41.001,42.0267,47.4836,31.6293,31.7157,19.3745,11.8441,12.0783,25.5561,35.7218,43.9844,48.6975,38.1681,35.859,34.6789,30.3785,23.1508,14.7885,20.0223,27.5827,38.2921,35.1351,43.0436,45.1359,31.75,29.2927,16.4292,21.88,13.8714,22.6016,26.2231,37.3841,45.987,43.623,43.531,35.1972,23.164
27.1111,34.0624,38.6419,36.5439,42.0513,32.2969,31.0709,20.229,15.3987,24.602,19.1427,27.6713,42.084,39.7743,36.7332,34.6315,29.3749,28.64,15.9529,23.3278,25.1729,30.6085,26.2048,40.9001,41.4394,43.6026,39.4725,28.2489,23.4596,16.0973,18.8692,24.483,21.8046,27.5689,33.1216,43.6293,35.5945,35.6738,29.2665,28.054,18.2133,13.9936,28.1488,22.0607,38.7226,34.8596,40.0589,35.5494,33.4865,22.7518,18.6092,17.1169,21.567,17.7808,25.5686,32.1095,44.4332,43.6132,42.6213,38.7247
30.8949,35.6526,26.5059,33.7188,33.1544,24.2648,27.0461,34.66,28.7801,35.6699,29.1249,30.6827,25.4039,33.0883,34.3196,24.4653,34.8767,35.6144,31.9808,34.3997,32.9606,39.2874,42.1819,42.653,36.1224,34.1144,41.3108,32.6022,37.0716,43.6926,32.3837,33.2636,37.6074,33.4193,32.3514,43.7771,40.7405,35.0894,33.9209,32.3257,44.2985,41.244,35.2208,35.154,34.1743,32.9393,42.2289,36.472,33.254,33.016,42.8344,41.7599,39.438,34.8308,41.6509,41.0141,41.1463,35.4533,34.1247,33.7751
31.4057,25.2827,27.6296,25.0763,35.6963,35.9387,26.5382,28.4367,36.0022,32.0851,34.4265,29.1624,28.8315,32.5008,24.1998,26.8276,25.951,24.5696,31.8324,33.4445,34.6182,31.1097,29.5821,28.1562,26.5529,30.4796,34.8113,35.3798,47.9502,43.1994,44.17,53.0376,45.2169,48.519,44.6786,50.8273,52.1361,44.2174,52.5165,54.0078,48.3662,45.38,45.9356,51.2816,50.7443,46.6462,43.9354,43.0713,48.1833,44.5527,52.7787,53.0626,52.7824,48.1419,47.6909,46.2305,46.4262,42.1283,48.7797,45.5261
27.5253,29.7319,27.7394,32.8012,35.6093,29.744,32.4886,24.1498,33.0476,25.7986,33.8352,31.2937,26.8753,32.5871,30.722,30.643,29.7745,35.9251,24.2001,29.2255,32.229,35.6721,34.5814,32.7865,27.5378,26.3414,28.7426,30.7363,34.4096,33.1074,30.2042,34.4239,31.774,26.095,28.8069,30.7363,27.298,35.2123,34.8106,31.8857,29.8487,35.7205,26.5959,35.2604,27.0564,35.0985,28.5006,26.0685,27.0145,27.663,31.8702,29.1749,24.6077,30.9026,31.9525,30.0048,35.74,26.4207,26.0836,35.639
29.9625,28.9806,26.8434,31.434,32.2158,25.1244,34.1444,33.0784,32.7193,31.7707,24.6353,33.9087,30.3316,34.8866,26.6047,32.6175,24.9856,28.5939,33.8136,29.2883,30.2089,33.2565,24.9419,34.7511,34.5289,36.9908,39.0993,38.8955,44.7079,43.2482,43.3316,39.3711,45.9965,36.9012,40.7926,42.3735,42.3037,45.5988,41.3284,34.797,41.6938,36.621,42.325,44.0197,41.805,36.4506,44.5327,37.7862,42.9115,38.9363,40.2741,39.2973,41.0787,45.3799,39.0935,45.7556,45.4119,44.384,45.4835,42.5365
24.3456,30.8076,24.7986,35.3768,26.9198,30.5077,27.8785,29.284,29.5573,38.7845,33.4534,32.1855,37.3762,39.186,40.0274,38.6795,30.0653,39.7461,31.7761,41.3206,32.2706,37.8164,37.4266,41.9964,32.8358,41.2309,44.1993,40.8592,43.5767,43.9011,36.4305,36.2811,40.7584,40.4456,37.4125,39.2149,43.8438,38.1216,39.0122,39.1647,38.5927,42.3586,46.5682,45.4791,47.2092,46.3618,39.3906,44.9108,40.5828,49.2203,50.2986,47.2805,43.4531,48.7537,44.1947,48.1568,43.3129,45.567,51.7966,44.3003
27.5606,31.8836,36.1555,35.1986,28.7735,33.618,33.3357,30.85,38.77,30.62,29.8724,31.2151,31.1634,40.0553,33.8983,31.5504,39.4361,42.096,37.5231,35.0382,37.2912,39.5394,38.0233,38.8558,36.093,43.7514,39.4066,43.0201,41.79,48.9718,40.7436,50.7942,49.1814,51.0195,47.7454,47.4958,52.8485,52.1046,53.8093,46.8279,48.046,47.6176,51.0787,47.1712,49.0151,56.9343,53.8417,47.1264,49.8759,49.7104,50.41,59.0133,51.82,58.3331,58.3401,53.0123,57.708,51.2417,54.7396,59.4515
28.2605,33.4574,43.3897,41.2148,37.1533,33.4367,30.1819,25.1225,18.3349,20.6586,25.602,33.0963,43.5086,41.2493,42.5565,39.4724,28.1088,20.038,20.8383,20.7693,19.1773,21.728,28.683,45.8125,40.7795,44.9571,35.8433,33.54,20.4141,16.7765,18.4715,25.156,29.8314,38.2776,42.4148,37.2415,43.5514,33.5848,27.1955,25.4418,21.9488,13.721,18.8011,31.3587,38.3525,38.5398,46.2625,41.0847,34.1759,30.2528,21.4883,19.2692,18.9633,20.6217,26.7159,36.1302,39.6474,38.9016,38.3285,26.839
33.6876,34.2003,35.4782,25.0712,28.2744,35.3555,27.7467,29.1253,24.9537,32.164,24.6305,28.4356,33.0028,26.3888,34.3391,24.0665,26.2951,26.8258,28.656,27.934,24.8354,28.8128,29.9864,25.7792,26.8471,32.9631,32.597,28.4393,24.9243,28.2906,30.6727,31.2963,32.9271,27.3479,34.7408,32.6928,32.2375,30.4109,24.1921,27.4577,28.7852,30.3904,30.3092,30.0701,33.1937,31.7792,32.8059,31.5691,35.1249,26.843,32.7505,28.9681,24.8365,34.732,33.0068,31.2845,24.73,26.3906,24.34,24.5115
24.4315,25.7824,35.2561,26.6998,27.0166,34.4813,32.315,33.2189,25.4095,32.4956,21.7881,28.3664,29.8212,30.9363,31.6188,27.262,28.9518,27.7035,25.6918,18.8191,23.2833,29.4444,25.9763,21.9797,20.319,19.1981,24.5807,26.1567,16.2218,25.0294,26.0366,22.3221,18.3629,17.7793,24.6425,24.3427,24.9368,21.8597,16.5224,22.2766,16.1608,22.8283,19.6984,19.927,17.6032,19.5691,21.3295,14.1293,13.402,21.4113,17.9483,19.9437,10.582,13.1161,19.7182,11.2592,8.16121,12.9588,16.0723,13.3423
35.5351,41.7067,39.1705,48.3964,38.6103,34.5755,39.4181,29.1601,21.1805,20.4808,14.5935,24.265,26.4578,28.9629,31.7837,45.5757,48.4191,46.4321,35.8598,35.509,22.1924,23.3135,23.2302,22.6636,19.3221,17.248,27.1418,39.0091,45.7347,42.0011,44.5071,43.5643,35.0768,23.3575,20.7055,19.9759,18.6236,18.7408,27.4668,26.2064,35.5579,39.407,44.8076,48.1086,45.3199,36.0476,32.956,27.4532,15.7995,13.0734,22.8846,15.4841,32.6882,30.0856,42.1698,48.2339,46.0566,37.7721,37.2248,32.9494
33.728,27.3126,28.524,25.8777,27.7736,31.4229,24.8724,24.3725,29.0038,27.291,21.4308,25.4698,31.1557,23.1583,19.0979,27.8193,28.2283,25.0719,17.5534,21.0338,19.2369,18.1065,24.9617,24.2712,26.3401,15.7692,19.564,16.4447,16.9154,24.5344,21.4713,17.1549,23.2617,17.1482,17.8326,17.8876,13.58,14.3463,20.0087,10.5373,12.4773,19.6604,19.9944,17.3596,12.6043,15.2604,16.4339,8.4233,7.21432,16.1975,9.81884,7.75865,10.1473,5.94111,4.85883,9.53712,7.9635,3.26594,3.8501,5.49112
27.8106,28.7548,32.4325,33.3079,26.9826,27.1544,34.3736,33.2675,30.177,31.3139,32.1122,35.5571,30.5192,27.479,31.665,25.5846,31.3213,24.8273,26.3755,26.8768,29.5542,28.3369,31.6778,41.9277,44.4972,38.6863,44.8978,46.4328,39.8577,40.2922,46.1152,45.1934,46.9825,48.9556,37.8626,42.1437,39.2709,38.4667,37.7642,41.0806,45.8996,46.2628,45.9477,47.2436,40.3002,46.225,43.1025,44.5637,46.009,47.775,43.6467,48.2388,40.6087,42.6111,40.4372,49.5075,38.687,40.1133,44.445,48.5282
32.4475,35.3535,27.1338,33.0984,36.3429,29.6131,31.7464,32.1358,30.0858,38.2735,31.172,35.3471,38.3254,40.0857,33.3459,35.9474,36.3706,33.6872,34.0182,41.6147,34.4467,39.0309,44.0532,42.2308,37.6025,38.6732,44.4589,37.9971,41.0815,41.2954,44.0038,48.5821,46.4939,46.7284,47.2683,42.0147,42.0039,46.7228,47.818,52.9277,52.2037,45.2987,46.8771,43.8099,44.4604,52.4182,55.7634,55.6387,50.0913,46.8493,46.3585,57.145,58.5384,54.4914,48.5379,51.1196,54.9242,49.2409,58.0073,51.5771
30.2137,33.5576,34.5969,35.8645,32.4596,30.8967,24.4473,30.105,33.0696,33.782,29.2145,25.1968,27.0663,31.463,31.8449,33.6906,26.4361,25.5662,29.0188,30.7936,35.343,27.7431,27.6663,32.4993,33.8239,31.8706,33.6138,28.8818,35.0243,30.3624,28.2153,25.611,34.3482,29.8454,31.1252,31.6297,35.9038,27.4732,28.4687,29.4584,34.7904,35.4852,33.0288,30.7906,32.312,31.0554,31.6426,25.2269,34.8565,27.341,26.2551,33.0949,29.2971,34.4702,32.1295,34.111,30.0488,34.1841,35.0915,30.9676
32.4012,34.5121,28.8378,33.4046,26.9644,29.2071,34.1624,29.3236,33.5701,26.9176,29.2003,36.1302,30.2,38.0071,35.6305,29.0294,36.6992,40.2198,38.462,39.5571,40.8879,33.3897,33.9913,37.2776,36.0959,36.6402,33.6926,39.9478,35.1252,35.9684,36.4535,41.8884,39.9547,40.5298,35.7068,42.2173,36.7615,38.919,37.7777,39.4512,43.7018,37.8267,37.6645,45.498,40.3585,46.5711,36.8678,45.7098,46.9679,45.4818,37.4566,42.2507,37.9349,42.3033,48.8509,47.291,41.9752,50.0243,41.5126,42.9404
25.5486,24.9173,35.5421,25.6022,31.7527,24.0903,32.9176,24.3716,27.713,32.1637,30.3514,34.8179,25.6635,30.3753,24.2997,24.4528,29.8186,27.1206,28.7349,32.4207,34.5256,34.9226,25.4131,25.3991,24.8817,27.9652,32.6117,35.8252,32.8419,33.9865,35.5112,29.3111,31.091,26.995,32.7982,42.0241,47.5232,44.2583,43.844,41.394,48.4648,44.1128,48.7685,47.7733,42.5081,45.2112,51.5325,45.769,52.524,42.8503,49.0009,42.373,46.7311,50.4731,47.9947,50.1477,50.8106,47.6135,42.467,42.89
24.7892,25.4748,25.4138,25.9492,34.3479,24.163,25.0234,35.4191,31.1747,24.1781,35.3706,27.5602,26.6807,33.5275,32.0616,34.5524,29.2927,30.9059,24.964,26.4912,27.3428,24.5556,27.5227,35.0342,28.7566,24.9485,31.9261,30.8615,33.0817,27.9234,25.0921,41.9908,48.3599,41.0699,40.6663,39.0806,38.4729,43.5034,39.3972,47.1936,42.3236,40.6652,42.7602,49.762,41.1338,47.6471,38.9525,47.9585,43.8501,42.343,50.0234,42.2699,47.6526,43.2982,44.2177,50.2915,46.2491,44.2254,49.712,49.8056
34.6615,34.9492,28.4088,31.4279,36.404,34.2489,38.0238,31.8767,39.1526,33.4014,38.3348,32.6886,29.0735,40.4484,39.4207,39.4033,32.6319,33.2505,38.2078,35.0671,40.8345,43.8701,37.5776,44.7419,39.8195,44.2385,35.8884,36.0862,39.8709,41.1134,38.4197,42.9488,37.0525,48.2823,39.9848,38.5466,40.2026,43.1853,42.2513,41.4315,49.3478,45.2083,42.9791,53.0173,46.0803,49.7901,48.6905,45.1426,50.4242,51.8609,47.9711,53.6992,52.0322,49.1879,57.0922,55.3113,50.7422,54.5795,54.8136,56.1233
24.5383,24.2802,28.2814,27.1316,26.6623,32.11,32.81,30.4829,35.8586,25.3866,31.3007,25.4285,26.8658,30.8516,24.4781,25.6653,25.2959,30.2629,29.657,25.2948,25.0223,35.2641,26.1089,9.59991,12.675,16.5749,19.7601,13.3489,18.1374,7.99333,16.7511,16.3406,15.3491,9.47579,9.94326,16.609,12.3313,8.64478,19.4568,10.8356,10.349,9.7255,14.5746,18.9589,15.8224,17.3644,11.9145,13.762,12.4022,19.6283,19.6441,11.5238,15.4185,12.6699,13.1164,8.23496,12.0419,19.3096,12.9985,17.4599
34.4533,34.0717,31.214,34.2102,28.5297,33.8077,28.6978,31.4028,32.5999,32.6076,29.4664,31.2221,33.8422,29.6232,27.6582,34.3593,26.7101,33.8646,25.1567,26.6388,25.1575,35.0353,24.3235,32.4038,24.318,29.7642,35.0452,28.6993,30.827,34.4136,25.7726,27.4739,34.3229,33.7056,31.0165,25.3437,27.2881,24.9786,32.1167,20.0003,18.1161,23.2308,16.4277,20.5133,23.3079,17.3799,23.3519,24.1308,21.9418,21.81,18.9578,17.0383,12.5976,18.956,19.1447,19.8167,23.5054,21.2195,14.3048,20.614
33.554,29.8006,30.0268,28.0824,26.4949,33.0193,27.5444,33.7735,27.594,32.7648,27.0083,27.836,30.1829,27.8231,29.5278,32.5882,28.7496,24.889,26.4931,33.4173,26.0072,24.8777,22.0788,19.0242,25.9375,19.1825,17.9086,19.0782,26.7876,26.4035,24.7709,16.1614,21.7519,25.3591,20.2581,16.3747,25.4833,23.6383,25.5112,23.1162,25.8652,21.2364,23.2531,25.7785,19.4274,20.1332,26.8214,16.7636,21.9638,24.0254,22.3131,16.1416,20.1354,22.5679,17.3596,17.0769,16.3575,20.6727,26.9371,23.8811
24.9629,25.8042,35.4317,30.5089,30.8281,31.3033,28.9987,26.2957,37.861,30.8825,32.9114,33.2148,29.7634,31.9595,35.0306,39.2985,37.1798,36.5934,29.9821,40.2048,32.248,40.454,35.7918,32.9316,33.1925,39.4272,39.4743,42.1764,38.7841,41.2251,35.9001,35.3182,32.2017,37.2572,41.4936,33.2426,35.1166,40.4223,42.524,44.3638,42.4143,35.7788,36.2996,44.8221,46.9924,46.0238,40.8002,41.3438,45.2243,38.4021,38.5252,42.6518,39.9947,43.4411,42.9535,48.1042,40.1929,43.6691,48.8327,47.918
29.0966,32.2456,42.8464,44.8088,42.0107,43.1734,37.9001,22.9514,14.2457,20.9101,19.2761,22.2626,29.733,35.6708,40.6508,47.289,45.6782,37.9898,43.4654,28.7345,20.5433,15.8385,11.3742,14.0309,24.2713,25.3649,32.1028,40.4668,44.6626,43.3681,39.8671,36.1131,25.4762,26.9889,18.1215,10.774,18.2763,20.0719,26.9272,30.0059,39.7309,49.7645,46.3279,39.9572,28.1115,29.6589,24.67,11.4743,12.2871,23.8411,22.1446,25.5382,39.7498,38.6521,42.71,42.678,37.9684,37.6345,26.9205,22.6955
25.3437,34.293,38.2116,39.9892,42.5053,32.7023,27.069,22.3364,21.3176,17.8632,26.7314,30.2757,45.5687,38.7466,44.3744,39.7253,36.5967,25.99,13.0739,16.0105,13.8256,27.7116,28.5977,36.9964,44.423,43.2376,30.956,23.6792,26.6523,21.7737,11.0502,21.5332,27.4375,42.5336,46.5312,49.4928,37.1504,30.8607,26.715,23.3207,14.1386,21.5582,24.8324,27.0154,39.8051,45.779,40.8189,35.4252,29.5666,22.6462,12.8988,20.0886,17.8615,25.0158,31.4907,40.9387,48.5442,42.9061,43.9021,35.1827
26.7435,28.0269,34.5234,26.8544,24.1954,25.6382,32.7982,31.2787,35.2924,33.388,25.3007,35.1172,30.0305,35.1341,35.9747,33.9722,29.8836,31.868,28.0548,28.9314,28.3016,44.4724,43.3164,39.1154,40.4308,34.852,36.6202,33.5363,37.8361,40.6791,36.4101,44.4218,40.8998,37.7237,35.3342,39.1456,40.8083,41.6001,37.0833,41.5395,35.8252,34.7488,36.2948,43.2804,33.9094,38.3046,45.103,40.0508,42.0051,43.4512,35.8622,42.4311,34.8619,40.2817,36.5592,37.8416,34.6188,39.2583,43.8761,42.2834
34.3446,30.8316,31.7282,33.2087,28.9381,37.8676,31.4129,34.4926,34.8031,37.4833,28.704,37.5792,36.73,40.365,42.2197,33.1297,37.5013,35.6559,33.8402,40.725,40.0958,39.8317,40.35,34.3198,44.2052,42.4706,36.8043,46.8042,46.9128,47.8417,41.8952,41.9192,43.392,44.2236,43.0351,50.2648,41.5461,51.7451,46.8709,49.3458,50.3445,44.561,49.5355,48.2993,43.7445,54.5763,51.8638,49.7764,52.4852,47.9833,58.2694,48.7905,48.7111,50.2804,52.1461,53.8708,52.4796,50.8666,54.961,61.707
35.6754,32.2518,33.3593,31.0572,24.0617,29.028,24.791,27.4603,25.8592,28.45,30.4352,27.9619,28.9479,27.2363,28.649,29.5072,35.8707,31.6073,25.4083,30.5079,32.4538,26.5801,27.5932,34.2766,27.1449,33.9384,27.0156,12.5934,10.9097,4.92989,4.46316,5.0015,11.7723,15.0861,10.5252,13.9345,10.9001,15.1514,8.88485,14.3744,13.3638,13.3539,6.82695,14.9072,4.36401,15.2003,14.2543,8.83894,13.1549,7.69542,8.30023,15.678,14.1644,10.8017,9.08425,5.79139,10.1422,16.0185,12.784,12.4366
25.2838,26.4629,27.4063,28.1448,30.3757,31.0671,34.9204,35.6537,32.6928,25.7542,34.0266,28.3148,25.6617,34.5535,29.964,29.1719,34.4474,29.9894,27.2796,35.6141,27.7824,24.6235,33.4658,28.0126,25.9187,31.4784,34.7963,25.6716,30.553,29.0908,30.4704,28.0137,44.2822,34.8087,34.6445,43.893,34.3621,37.3054,36.4861,35.2137,43.4721,43.6741,39.7401,45.259,42.2126,44.8922,44.2638,41.7701,38.9035,34.6868,42.8897,46.0001,36.7274,37.3388,35.7778,37.0021,45.6016,43.4765,44.045,38.6021
28.7812,34.4632,31.3381,31.2834,28.9207,33.7596,25.3969,27.7849,35.2479,27.1159,32.8717,29.2171,36.0253,32.337,34.5249,32.8717,34.1173,26.5235,27.6623,26.3693,25.7744,29.27,30.7326,29.5054,33.0292,25.04,28.9167,24.3437,26.1203,34.9424,25.0293,26.6311,35.6541,28.4353,29.1495,28.1584,26.1927,33.3182,30.9772,27.0443,35.5344,26.2353,28.9964,32.0036,31.0558,34.2553,28.0721,28.9402,35.4973,29.747,31.4333,24.5556,33.7431,25.0466,34.9318,34.9879,32.4721,33.3759,25.4652,25.8717
26.8529,26.518,35.6005,30.8821,35.7051,24.8784,29.2443,25.7017,33.4864,31.4413,25.5596,25.8064,27.0303,29.7756,31.5412,34.8249,33.8933,32.2962,25.2757,30.3929,30.5042,26.7365,33.789,26.9278,30.0683,26.7178,30.9838,28.3442,33.3979,34.252,27.565,30.5233,35.0412,28.8719,32.9517,34.8036,51.2741,50.731,51.2686,46.5788,46.8193,54.4854,51.4647,51.6828,50.6447,45.4107,48.4784,51.8378,50.0127,43.3216,44.0696,44.659,49.402,48.8178,48.4784,53.5578,50.8327,49.666,50.7493,43.7909
32.2613,27.3329,30.694,27.3329,33.7185,30.3973,32.7784,30.8898,31.1498,33.562,25.7447,29.9681,35.6122,27.7049,30.9959,32.3987,30.1043,26.3036,30.4311,31.5008,31.102,32.7457,29.9218,27.7409,25.0859,33.7034,32.5603,32.2691,31.6308,33.9865,31.8651,34.6666,33.2088,33.9847,32.8324,31.5364,35.3181,25.2713,30.5226,26.0689,33.186,25.8133,26.2724,35.0607,28.3225,25.7983,35.2806,25.5409,27.6105,33.9843,33.302,34.0824,35.8403,35.4191,24.8211,29.9614,34.541,26.3667,24.0132,27.9344
32.8603,31.0176,30.0819,25.4839,27.5719,31.8365,31.1443,28.3082,35.5883,35.2406,32.6958,30.8762,35.1014,24.6632,35.6063,26.6587,27.3729,33.2462,28.2116,34.0387,25.1321,29.7407,29.2931,35.0562,33.2885,32.0223,25.7942,25.3852,32.8625,30.4531,35.7771,25.5111,33.1922,31.3143,27.7592,29.415,34.8539,31.1674,35.2355,29.5233,28.5179,27.8077,29.0559,34.0651,28.6108,35.0948,30.867,35.0988,26.3418,26.8324,30.2864,35.8821,29.4293,29.6717,32.5827,35.6791,24.9511,25.488,28.1665,32.5474
31.3418,33.0911,26.029,29.4065,28.7909,32.1861,29.9918,29.4901,32.3117,38.2447,37.1723,33.7049,36.6105,31.4095,39.8866,32.2281,31.3955,35.4862,42.0714,33.869,42.7024,37.5916,37.1149,43.8249,44.698,43.6686,35.3524,36.856,41.6624,44.6191,46.8326,40.5648,48.2785,46.859,39.2931,40.3689,39.2976,38.3129,41.6813,49.479,41.934,43.6437,52.1649,43.4355,44.966,43.4793,53.3302,42.3546,54.3248,43.7913,46.2123,52.4699,53.3845,46.1186,44.8589,53.8531,53.3348,48.3702,51.368,58.7586
27.3894,33.9344,27.811,30.647,35.8553,35.6214,31.1075,27.6704,24.3536,34.2418,25.3227,30.4509,24.3154,31.4648,24.3933,30.5809,26.9414,29.4187,28.5719,25.452,27.5565,25.4707,29.545,34.4882,26.5581,28.9406,34.0016,35.9592,27.9417,24.9078,29.3155,29.3228,34.2807,32.8988,25.5871,24.9203,31.0091,29.1906,25.5078,14.2669,11.7493,5.57373,12.8957,7.23834,9.14458,13.2251,11.6027,14.9731,8.52361,13.3547,10.89,10.5841,15.6293,14.9441,7.46308,11.2249,11.3468,8.38553,8.38737,6.82008
27.06,30.7668,35.3849,32.8313,29.5931,33.0799,31.7318,31.1365,32.8966,27.4056,27.3266,26.4956,33.9476,33.5591,32.767,35.7003,35.1624,24.2982,27.3149,25.2467,33.1335,26.7971,29.0114,33.4049,26.9447,33.0196,28.1242,28.4345,35.913,26.2228,29.4852,29.7617,26.3491,27.6891,49.2865,41.3868,41.157,40.8654,40.3781,40.7952,40.0142,42.9156,44.6837,49.7444,40.569,41.0428,45.5911,41.0578,48.5399,46.9818,47.576,44.7249,42.2586,47.1742,44.2192,46.7993,48.8605,46.4504,45.1031,48.599
32.9043,32.7519,26.1078,25.2695,29.8061,28.5517,30.2365,28.7346,24.6213,26.6168,33.9135,31.4421,25.4131,27.6046,26.8056,35.3258,35.3632,25.1024,24.7741,33.0204,34.1297,32.9715,25.4402,28.3549,26.1637,32.1548,24.8773,29.8939,25.4986,35.8586,28.1261,10.6824,16.808,16.5986,12.0962,19.2276,16.0853,15.4985,15.3527,15.0651,19.3917,10.2094,13.8783,9.6806,9.80765,16.9211,8.65055,13.9429,15.6049,14.8701,8.19372,13.1692,18.0877,13.7332,8.39496,11.1216,13.6341,19.4215,12.3984,13.9594
24.6305,30.1956,27.9076,25.8944,23.276,26.1622,24.5246,27.5852,22.0408,29.0644,28.4661,25.5631,30.1851,30.539,24.6159,23.3467,24.255,25.3261,20.9828,26.2497,26.6494,17.7266,24.809,18.283,25.9981,21.317,26.8869,22.7514,19.4889,17.6993,24.532,22.8023,18.0885,14.545,23.4309,17.5519,18.0339,12.2901,12.7166,14.1295,20.2014,19.7348,9.91965,14.6629,16.4988,12.1354,13.7183,15.1334,12.8528,8.14566,9.26186,14.9731,7.9414,14.7936,8.39829,6.19079,9.2694,4.82186,4.84264,13.0969
30.9239,30.6985,26.955,30.2883,29.238,31.716,25.9889,32.966,27.8136,34.4254,27.9344,28.895,35.0353,26.8162,35.4084,32.2518,32.5401,33.5965,35.35,25.3741,33.2734,33.7739,31.1898,26.2015,25.069,29.1396,31.4244,33.8099,27.2488,26.3873,32.5724,26.8985,24.473,26.4901,28.4768,27.6336,29.4025,24.726,35.8002,32.6844,26.373,30.7502,35.3129,28.4169,35.6082,27.8676,35.4143,24.4469,26.1078,25.3018,25.1241,33.7203,25.0308,26.3535,35.0184,29.5913,31.3807,30.1388,25.2155,24.6592
35.8821,31.4744,29.1943,35.8157,30.4454,27.7442,24.2875,26.6546,33.2381,33.4845,24.2438,25.2904,24.0731,33.6546,30.242,33.6682,34.8183,30.1208,27.0545,24.0793,25.8291,34.8176,29.1308,25.0293,26.9447,27.3053,28.9336,31.0484,24.4979,24.502,29.9104,31.636,32.4159,31.3312,27.5921,27.3498,33.4254,32.0968,24.9357,27.399,35.9119,31.9896,29.6398,29.1146,28.7085,31.7784,35.317,33.829,31.2328,29.3137,30.5119,27.334,33.2837,27.168,25.4208,27.5793,33.9428,31.745,32.0024,31.5258
35.5825,28.194,32.7483,28.2917,30.6059,25.1913,29.4896,32.402,30.3147,28.8884,25.463,24.8145,35.2979,32.893,35.6695,27.208,27.1518,30.7308,29.9464,32.1427,27.1695,27.7879,31.0154,29.299,31.1556,27.7974,24.1583,31.2743,29.8079,27.341,35.3805,27.1085,29.3151,33.7838,30.9834,26.3634,28.9171,31.8082,31.4968,25.6697,26.507,34.2968,32.7321,24.4627,33.0927,34.4382,30.6415,30.1182,34.8238,30.8964,31.5398,34.8176,27.8062,27.1581,31.5082,24.6786,28.3097,32.4945,27.0402,27.5499
29.6713,32.0359,35.61,34.3365,35.8678,26.1497,28.4356,30.3562,27.233,32.0171,27.4431,29.7815,33.1518,33.0993,29.8436,35.7433,29.8535,29.527,26.1805,25.5945,27.7526,24.2574,31.3249,33.9087,28.5183,27.0248,25.9955,34.606,39.8024,39.8986,35.8511,34.2578,40.9687,42.6278,39.9302,36.76,39.1837,37.4228,43.3479,38.3034,37.4471,39.4257,42.5646,38.1609,41.8952,36.4145,37.6362,43.7155,37.8128,44.2223,35.9224,42.7875,38.0526,41.1923,33.6339,42.4508,40.296,43.7607,43.2771,42.3473
32.8485,32.6025,44.1224,44.172,38.9286,45.4076,33.8422,30.8023,23.2227,24.3516,14.5351,11.5571,14.8621,16.2949,19.733,29.5489,32.9115,41.8805,43.3745,42.1549,43.6066,35.1158,29.2947,30.3348,18.1857,17.4701,20.6168,17.1849,18.81,28.07,29.4401,34.6812,43.0026,41.2569,43.7137,45.057,34.6971,32.011,26.591,16.2748,17.8578,17.2245,17.638,26.9431,28.2579,29.1225,36.3099,42.1851,39.6961,44.402,38.7069,35.8327,34.125,25.8361,21.2947,13.2201,11.114,19.7152,17.937,24.2756
24.9684,34.7265,32.8871,28.9516,25.0455,29.6056,25.8089,24.2743,35.5186,24.1171,27.0218,35.2072,28.5017,24.0613,30.0815,30.1586,28.9281,25.788,31.0451,35.5586,28.02,30.6037,34.8822,27.8789,31.972,26.583,27.3153,25.6349,28.1132,25.3987,34.2976,26.7633,29.8751,31.2037,24.3371,32.4225,30.9698,29.191,28.5609,31.2342,30.0969,27.2844,29.1723,28.5803,28.7907,34.0258,27.2958,31.0811,31.355,30.1869,33.3843,34.7643,33.7317,33.753,30.1987,35.3478,30.2534,27.0204,24.5545,24.9166
29.754,36.7461,34.6286,40.5504,39.2134,35.2695,33.2825,22.047,22.3463,19.5624,21.2992,22.7115,34.0128,32.7474,33.3342,42.1226,36.1492,41.6544,30.8434,26.7906,20.8851,23.7475,20.409,26.7196,22.4263,34.522,40.72,41.4645,37.212,38.1099,38.7157,22.8614,21.2261,17.9143,16.2007,20.4512,22.1374,25.989,35.9593,38.0723,46.6801,45.6258,30.5352,33.1574,20.3447,24.133,17.4168,23.5009,23.6633,26.5852,30.5295,35.4169,43.1147,35.3654,41.1558,29.3852,24.103,26.6137,23.4871,18.7953
35.4646,35.478,37.3539,40.355,38.3622,37.224,31.0864,22.7959,18.8444,12.2326,19.2947,28.9564,24.7471,31.3671,42.8636,39.7815,39.4978,29.8952,30.6365,19.7036,15.4996,20.3918,14.4383,23.9745,32.4388,41.6363,46.3351,37.8753,42.8424,31.785,30.2816,19.0999,14.9406,18.7319,17.1666,22.0404,26.444,33.3483,46.9012,41.4629,45.3279,29.9568,32.9891,17.3461,18.3272,15.0005,24.6997,24.2448,31.2329,36.3487,48.3386,42.0269,33.9831,28.4909,28.7518,19.7386,17.784,14.8201,20.0448,27.7847
30.9772,24.951,30.7112,26.6005,24.2642,26.4414,26.1082,22.9864,26.97,25.8547,26.2821,30.8381,22.0538,28.3504,27.3012,21.2964,19.505,23.1423,22.0215,19.9822,20.1416,21.4165,26.2226,18.0611,25.209,16.9953,23.6364,18.3242,13.9527,19.0361,19.7697,19.6279,9.85651,11.2394,15.3713,13.7625,13.3258,10.9168,17.2443,14.6843,17.7733,10.196,5.55616,13.6933,7.21404,8.81322,11.445,12.8481,7.93356,5.00235,7.47589,6.13621,8.10335,9.53288,5.41335,0.528903,10.4357,9.5712,3.69343,6.59807
30.8222,26.5915,32.7472,31.6264,31.8526,32.2577,34.7195,25.6051,24.2148,29.8303,28.2697,30.5189,27.139,32.9532,29.2079,27.2649,31.0025,24.6011,27.7456,29.2567,25.3745,9.39669,11.8541,18.1791,11.058,12.507,14.945,19.7963,9.56524,19.1522,11.9404,16.0224,17.441,10.9629,10.9959,8.92922,15.0328,8.99128,20.548,17.1395,13.2231,14.9814,10.4121,19.5543,19.1923,13.2969,15.7992,11.8174,12.9246,12.8273,13.1023,13.4493,11.5398,17.9393,8.5429,13.9943,15.7654,16.0962,16.6618,8.96814
28.4533,32.3271,32.2422,29.5131,29.9824,35.5553,28.3684,32.1846,35.3978,31.3088,28.7287,33.4849,32.3678,25.7773,28.952,34.0067,26.5929,33.5694,28.4643,32.0704,27.3013,32.4813,35.314,28.801,33.5194,24.242,29.8447,24.3008,46.4223,38.512,35.8607,37.7353,47.3121,36.24,37.2763,38.2458,41.7799,46.0609,36.3425,39.1499,46.379,41.564,36.5272,46.7616,46.1689,37.5165,41.5739,44.0978,43.1739,36.2441,37.3659,40.7748,40.5585,46.5167,45.0724,41.4244,42.6263,42.9513,39.8854,44.3064
34.887,32.4731,31.9591,28.8336,29.6574,26.1797,25.3045,22.5465,22.4446,27.1338,27.9863,30.7601,26.5715,28.4632,27.513,27.8298,25.5591,28.9388,29.1516,23.2954,29.076,23.0652,20.9811,23.8309,26.1567,22.5912,25.1755,25.2925,28.6013,24.0847,22.3065,24.7274,18.4147,23.7242,22.7894,24.1259,16.2566,18.0085,24.135,15.7787,24.604,19.3478,19.8356,17.2888,14.4621,13.2031,15.1357,13.7276,22.1826,18.0942,22.9905,19.3968,19.8402,18.72,19.5318,20.4052,10.7802,17.7403,12.837,10.5311
27.7996,30.405,44.5422,46.0903,44.0251,35.2849,26.0516,32.4237,19.8578,14.6441,16.1298,19.5872,32.6327,32.9863,31.6707,39.5351,45.131,42.6888,35.4296,28.9766,21.1118,22.1948,25.2844,19.5537,22.7322,26.4435,36.3716,34.8338,44.5665,37.7999,36.9434,29.5745,23.1386,21.8949,23.2375,24.7425,26.9827,20.3099,29.5038,36.0068,37.7439,43.7525,34.4246,34.3078,28.066,24.8774,21.8369,23.8019,24.9829,19.1767,21.2739,36.1164,33.4789,43.2495,35.0526,39.6157,30.7268,34.7923,22.4433,25.9781
31.1376,24.7448,28.6682,24.8212,22.9991,30.4754,25.1584,21.7782,23.1373,22.2747,29.621,27.4721,21.3204,25.7653,22.5151,18.7878,25.252,28.279,28.5729,27.5304,24.6246,15.9972,24.9298,20.4417,21.6605,16.1927,14.4528,17.6462,20.2241,23.1094,14.9542,18.2162,15.9836,16.9387,21.8254,17.5109,12.0791,14.5883,19.6714,9.87548,18.5478,12.7457,16.2494,8.66085,11.8186,14.6308,17.8635,13.2443,17.1012,12.9645,15.7822,15.1848,13.2165,12.2548,11.1286,9.2859,3.18458,11.0607,3.41232,5.43794
30.585,27.6158,28.1859,32.484,23.2883,23.5485,33.9241,26.1884,26.0472,29.0487,22.9901,25.1679,28.751,29.8951,21.2976,19.9875,29.2758,21.4671,21.5377,29.8969,20.0068,26.6136,21.328,25.9993,21.2965,20.8538,26.5022,19.1425,17.8325,16.4739,22.9331,25.6265,20.9094,21.6187,22.5508,14.8835,16.3136,17.6413,18.4802,21.507,20.812,19.7712,15.1227,20.405,18.9917,15.4031,16.2438,12.1789,15.4715,13.531,16.5611,13.7645,10.3319,11.6633,12.2492,16.3824,12.453,17.4767,15.7032,14.9594
27.1019,25.8456,31.351,32.4152,34.4551,25.2298,30.4671,26.9304,28.0585,26.1332,30.2758,32.5676,30.2963,27.4276,34.6391,30.2949,30.3474,30.6757,29.2869,25.4924,53.2196,49.2988,44.2319,52.8997,55.1133,52.2784,54.7406,43.3359,53.759,50.9887,48.2743,52.5905,47.5204,43.8823,54.8607,52.7958,47.6683,51.7011,47.1601,51.4066,44.9572,44.7713,51.7761,53.5762,51.8065,52.6085,50.58,52.8502,47.4913,47.0786,43.9374,53.5663,44.8095,50.7309,52.1032,50.1258,45.4746,49.5265,53.6522,50.757
29.0875,32.8862,46.6395,39.3954,45.5096,40.0179,30.7446,23.2357,14.4476,22.6805,19.8003,23.7057,35.0993,43.2125,42.9126,45.1533,42.3772,30.0492,25.5925,19.6269,21.9391,20.6705,26.3571,37.0265,37.4641,45.6748,47.0213,39.5001,29.419,23.6609,20.1667,17.3178,14.0001,22.6078,25.5213,33.0804,40.5433,48.4447,41.3228,34.9232,28.8677,19.2215,22.2638,12.4436,27.5786,27.6151,38.4579,44.6021,49.0474,38.6107,39.2059,27.906,27.8161,22.8421,20.0701,22.1681,25.3195,34.2882,45.1036,42.5741
29.6857,25.7525,28.7642,35.7117,26.979,34.0573,35.4286,36.5014,32.1856,33.9575,38.2269,37.2348,32.2903,29.2495,29.2298,33.2686,36.2711,37.9417,42.1983,39.001,32.9255,39.7805,40.7637,39.7826,34.3626,39.8093,36.1034,37.4817,43.0897,36.2459,46.4239,41.1753,39.3342,35.9559,46.0344,40.9368,43.1277,38.1726,45.772,44.8258,46.9587,45.5035,43.4366,48.5899,41.9944,46.9461,46.1673,42.2389,41.9692,43.9809,47.8115,43.3448,50.9783,52.4374,54.9188,44.6265,47.7439,54.9316,56.4484,46.1682
25.308,39.1094,37.0313,40.5428,40.6583,36.248,35.0834,26.7755,31.7161,24.3675,16.0791,16.454,15.7093,25.9926,31.8971,34.2265,33.4233,35.8726,39.241,40.1658,42.1519,34.9884,28.1219,21.7858,27.6219,21.0688,19.8814,26.0437,19.5669,22.7895,27.585,33.2198,35.1378,40.7376,34.0421,33.8796,32.3544,31.7894,31.9164,24.2168,23.563,22.0454,19.947,23.8918,23.617,26.276,41.0386,43.3317,45.6733,43.1258,34.1438,37.0052,24.9664,20.9687,19.934,20.4371,19.098,20.5303,19.253,28.5972
32.991,24.2543,29.5469,30.3613,23.746,30.6823,32.6023,22.6777,33.2909,25.5171,32.7442,27.3867,22.1522,22.7668,30.4466,29.8876,31.5528,20.8151,31.4096,28.5734,25.8493,25.3732,27.3428,27.8043,23.4122,25.3564,21.7065,28.3684,18.4523,18.3254,27.0875,18.8102,20.5705,19.6905,27.0623,25.1625,27.3976,19.9499,21.7513,17.9038,16.4337,16.6895,17.5563,22.4659,24.1528,25.4548,20.1164,15.5205,25.4551,15.7192,23.34,13.5372,18.46,12.9931,17.4517,20.0691,15.6855,12.4633,20.9357,21.6663
25.9048,32.5737,32.12,28.5292,26.0055,26.1566,34.0539,27.642,37.1081,32.7321,38.3824,31.2005,37.9664,31.0614,32.8455,33.17,36.7454,32.4716,38.4409,40.271,38.7913,34.6562,38.9426,32.2304,41.0263,39.992,41.7743,33.366,41.3157,40.9748,32.9557,44.683,45.1334,37.83,40.0901,36.9142,45.8312,39.036,42.0486,42.4791,45.0785,37.6194,47.6069,41.3996,41.6385,46.32,45.6012,40.1456,43.0164,40.0902,40.5583,50.4796,40.1837,45.4554,44.8229,42.3763,48.0405,44.7052,48.6185,47.3797
